[
  {
    "id": "4271db50-ad3a-43a0-bc61-6c469ca74d6a",
    "data": [
      {
        "text": "I can pay that.",
        "userDefined": false
      }
    ],
    "isTemplate": false,
    "count": 0,
    "lang": "en",
    "updated": 0
  },
  {
    "id": "6d6e3ce6-6035-47c7-9e21-c087b6c792db",
    "data": [
      {
        "text": "I\u0027ll take it.",
        "userDefined": false
      }
    ],
    "isTemplate": false,
    "count": 0,
    "lang": "en",
    "updated": 0
  },
  {
    "id": "ff851e20-9bfd-4766-97ab-a778e80ac372",
    "data": [
      {
        "text": "That works for me.",
        "userDefined": false
      }
    ],
    "isTemplate": false,
    "count": 0,
    "lang": "en",
    "updated": 0
  },
  {
    "id": "5326f5f5-fb99-4251-8164-98b54b020f90",
    "data": [
      {
        "text": "I can do that.",
        "userDefined": false
      }
    ],
    "isTemplate": false,
    "count": 0,
    "lang": "en",
    "updated": 0
  },
  {
    "id": "88cb23d0-e7b0-4b92-808d-095e77f4886b",
    "data": [
      {
        "text": "I\u0027ll take that deal.",
        "userDefined": false
      }
    ],
    "isTemplate": false,
    "count": 0,
    "lang": "en",
    "updated": 0
  }
]