[
  {
    "id": "7971b1f3-d350-4572-8b96-447e845bc3f3",
    "data": [
      {
        "text": "I\u0027m not comfortable taking that offer.",
        "userDefined": false
      }
    ],
    "isTemplate": false,
    "count": 0,
    "lang": "en",
    "updated": 0
  },
  {
    "id": "225246e1-cc7e-47a0-adcc-567e4bbd2760",
    "data": [
      {
        "text": "That offer\u0027s too low for me.",
        "userDefined": false
      }
    ],
    "isTemplate": false,
    "count": 0,
    "lang": "en",
    "updated": 0
  },
  {
    "id": "c717afed-a633-4fa1-96e5-4e54be2049b7",
    "data": [
      {
        "text": "I can\u0027t take that offer.",
        "userDefined": false
      }
    ],
    "isTemplate": false,
    "count": 0,
    "lang": "en",
    "updated": 0
  },
  {
    "id": "86778b30-18b9-427c-b4f2-b0306fdc22c5",
    "data": [
      {
        "text": "I\u0027m walking away.",
        "userDefined": false
      }
    ],
    "isTemplate": false,
    "count": 0,
    "lang": "en",
    "updated": 0
  }
]