[
  {
    "id": "e7f0f429-fee4-4c90-9fd4-52aa279e213e",
    "data": [
      {
        "text": "$300",
        "meta": "@sys.unit-currency",
        "alias": "offer",
        "userDefined": false
      },
      {
        "text": " is my final offer.",
        "userDefined": false
      }
    ],
    "isTemplate": false,
    "count": 0,
    "lang": "en",
    "updated": 0
  },
  {
    "id": "6a2437a7-5d27-42c3-82fb-f92e365480f1",
    "data": [
      {
        "text": "Offer higher than ",
        "userDefined": false
      },
      {
        "text": "$150",
        "meta": "@sys.unit-currency",
        "alias": "offer",
        "userDefined": false
      },
      {
        "text": " and I\u0027m walking away.",
        "userDefined": false
      }
    ],
    "isTemplate": false,
    "count": 0,
    "lang": "en",
    "updated": 0
  },
  {
    "id": "387b9d9f-767e-4a46-8717-0f4023437ca0",
    "data": [
      {
        "text": "I\u0027m walking away at anything more than ",
        "userDefined": false
      },
      {
        "text": "$600",
        "meta": "@sys.unit-currency",
        "alias": "offer",
        "userDefined": false
      },
      {
        "text": ".",
        "userDefined": false
      }
    ],
    "isTemplate": false,
    "count": 0,
    "lang": "en",
    "updated": 0
  },
  {
    "id": "d09c0164-4319-4a99-9831-a7c036a551ba",
    "data": [
      {
        "text": "I\u0027m not taking anything more than ",
        "userDefined": false
      },
      {
        "text": "$400",
        "meta": "@sys.unit-currency",
        "alias": "offer",
        "userDefined": false
      },
      {
        "text": ".",
        "userDefined": false
      }
    ],
    "isTemplate": false,
    "count": 0,
    "lang": "en",
    "updated": 0
  },
  {
    "id": "305c1472-1c62-422a-ae22-2b176ac6f095",
    "data": [
      {
        "text": "$300",
        "meta": "@sys.unit-currency",
        "alias": "offer",
        "userDefined": false
      },
      {
        "text": " is the absolute highest I can go.",
        "userDefined": false
      }
    ],
    "isTemplate": false,
    "count": 0,
    "lang": "en",
    "updated": 0
  },
  {
    "id": "70a48e75-d303-484d-b1cc-a0bef9de70d8",
    "data": [
      {
        "text": "I\u0027m not going higher than ",
        "userDefined": false
      },
      {
        "text": "$100",
        "meta": "@sys.unit-currency",
        "alias": "offer",
        "userDefined": false
      },
      {
        "text": ".",
        "userDefined": false
      }
    ],
    "isTemplate": false,
    "count": 0,
    "lang": "en",
    "updated": 0
  }
]