[
  {
    "id": "d4af500f-6ac9-4d1d-9ab3-268ad30d8966",
    "data": [
      {
        "text": "Can you make ",
        "userDefined": false
      },
      {
        "text": "$500",
        "meta": "@sys.unit-currency",
        "alias": "offer",
        "userDefined": false
      },
      {
        "text": " work?",
        "userDefined": false
      }
    ],
    "isTemplate": false,
    "count": 0,
    "lang": "en",
    "updated": 0
  },
  {
    "id": "af48a5bd-1e2b-4836-89f7-d8b857831fe6",
    "data": [
      {
        "text": "Does ",
        "userDefined": false
      },
      {
        "text": "$320",
        "meta": "@sys.unit-currency",
        "alias": "offer",
        "userDefined": false
      },
      {
        "text": " sound good?",
        "userDefined": false
      }
    ],
    "isTemplate": false,
    "count": 0,
    "lang": "en",
    "updated": 0
  },
  {
    "id": "75ba89b5-2f63-4976-ab65-cc447379c8ce",
    "data": [
      {
        "text": "What about ",
        "userDefined": false
      },
      {
        "text": "$210",
        "meta": "@sys.unit-currency",
        "alias": "offer",
        "userDefined": false
      },
      {
        "text": "?",
        "userDefined": false
      }
    ],
    "isTemplate": false,
    "count": 0,
    "lang": "en",
    "updated": 0
  },
  {
    "id": "6887fd59-ec6f-4fac-be5d-b792575136c6",
    "data": [
      {
        "text": "I don\u0027t think I can take that. How does ",
        "userDefined": false
      },
      {
        "text": "$900",
        "meta": "@sys.unit-currency",
        "alias": "offer",
        "userDefined": false
      },
      {
        "text": " sound?",
        "userDefined": false
      }
    ],
    "isTemplate": false,
    "count": 0,
    "lang": "en",
    "updated": 0
  },
  {
    "id": "c5d2f22f-1e8c-41bb-be1e-b7e85ca3755e",
    "data": [
      {
        "text": "No, how about ",
        "userDefined": false
      },
      {
        "text": "$100",
        "meta": "@sys.unit-currency",
        "alias": "offer",
        "userDefined": false
      },
      {
        "text": ".",
        "userDefined": false
      }
    ],
    "isTemplate": false,
    "count": 0,
    "lang": "en",
    "updated": 0
  },
  {
    "id": "ca397837-e03d-4b2b-9230-41cc028c1044",
    "data": [
      {
        "text": "How does ",
        "userDefined": false
      },
      {
        "text": "$190",
        "meta": "@sys.unit-currency",
        "alias": "offer",
        "userDefined": false
      },
      {
        "text": " for the painting sound?",
        "userDefined": false
      }
    ],
    "isTemplate": false,
    "count": 0,
    "lang": "en",
    "updated": 0
  },
  {
    "id": "d701d2b8-c440-40aa-811c-a465a826e483",
    "data": [
      {
        "text": "What about ",
        "userDefined": false
      },
      {
        "text": "$400",
        "meta": "@sys.unit-currency",
        "alias": "offer",
        "userDefined": false
      },
      {
        "text": " for the painting?",
        "userDefined": false
      }
    ],
    "isTemplate": false,
    "count": 0,
    "lang": "en",
    "updated": 0
  },
  {
    "id": "e3276460-5a5a-41a1-b010-8f2b425d9384",
    "data": [
      {
        "text": "I\u0027d like to buy the painting for ",
        "userDefined": false
      },
      {
        "text": "$200",
        "meta": "@sys.unit-currency",
        "alias": "offer",
        "userDefined": false
      },
      {
        "text": ".",
        "userDefined": false
      }
    ],
    "isTemplate": false,
    "count": 0,
    "lang": "en",
    "updated": 0
  }
]